Player Last ,Name Player ,First Name ,Player DOB Player, Gender Submitter, Name Submitter, Email Submitter, Phone
Atterholt ,Hank, 04/03/2020, MALE, Atterholt Kara, kararicher@gmail.com, 9378962941
Atterholt ,Peter, 02/05/2020, MALE, Atterholt Nikki, nikki.atterholt@yahoo.com, (937) 726-6763
Cauley Louden, 03/02/2021 ,MALE, Cauley Leigha, leighacauley@gmail.com, (937)561-1334
Cummins Kaisley, 10/13/2020, FEMALE, Cummins Anna, cumminsanna104@gmail.com,
Day Madelyn ,01/10/2020, FEMALE, Day Jenna, jennaday94@gmail.com, (937) 869-2215
Dooley Grady ,04/01/2021, MALE, Dooley Ricky, rickydooley@ymail.com, (937) 360-1854
Evans Braylee ,01/05/2020, FEMALE, Evans Jessica, jessicarutherford7316@gmail.com, (937) 631-2990
Hess Lawrence ,09/04/2020, MALE, Hess Sydney, sydney.hess17@gmail.com, 9375592178
Saultz Caleb, 07/18/2019, MALE, Saultz Bridget, bridget.saultz@gmail.com, (518) 321-7327
Wilson Wynnie ,11/18/2020, FEMALE, Wilson Hannah, campbellh53@yahoo.com, (937) 581-5700
